{"cameraMode":{"drawMode":0,"name":"Shaded","section":"Shading Mode"},"sceneLighting":false,"audioPlay":false,"sceneViewState":{"showFog":true,"showMaterialUpdate":false,"showSkybox":false,"showFlares":true,"showImageEffects":true,"showParticleSystems":true},"in2DMode":false,"pivot":{"x":0.002883128821849823,"y":-0.039678044617176059,"z":-0.011216133832931519},"rotation":{"x":-0.1390838772058487,"y":-0.21011784672737122,"z":0.030204124748706819,"w":-0.9672709703445435},"size":0.11730849742889404,"orthographic":false}