{"cameraMode":{"drawMode":0,"name":"Shaded","section":"Shading Mode"},"sceneLighting":false,"audioPlay":false,"sceneViewState":{"showFog":true,"showMaterialUpdate":false,"showSkybox":false,"showFlares":true,"showImageEffects":true,"showParticleSystems":true},"in2DMode":false,"pivot":{"x":0.5112965106964111,"y":1.2056612968444825,"z":0.21116359531879426},"rotation":{"x":-0.19585631787776948,"y":0.6829755306243897,"z":-0.19810135662555695,"w":-0.6752351522445679},"size":10.0,"orthographic":false}