{"cameraMode":{"drawMode":0,"name":"Shaded","section":"Shading Mode"},"sceneLighting":false,"audioPlay":false,"sceneViewState":{"showFog":true,"showMaterialUpdate":false,"showSkybox":false,"showFlares":true,"showImageEffects":true,"showParticleSystems":true},"in2DMode":false,"pivot":{"x":-0.01896507292985916,"y":-1.862645149230957e-9,"z":-1.0094798803329468},"rotation":{"x":-0.2198270857334137,"y":-0.5001159310340881,"z":0.1329379379749298,"w":-0.8269820213317871},"size":0.10032841563224793,"orthographic":false}